[
  {
    "id": "f4866d6f-7e8e-41f1-945f-1de8f2df88e7",
    "data": [
      {
        "text": "Could you please list all ",
        "userDefined": false
      },
      {
        "text": "Web Map Application",
        "alias": "keywords",
        "meta": "@keywords",
        "userDefined": false
      }
    ],
    "isTemplate": false,
    "count": 0,
    "updated": 1516897893
  },
  {
    "id": "1f17b985-4451-48c6-b805-94c376529785",
    "data": [
      {
        "text": "give me some ",
        "userDefined": false
      },
      {
        "text": "WFS",
        "alias": "keywords",
        "meta": "@keywords",
        "userDefined": false
      }
    ],
    "isTemplate": false,
    "count": 0,
    "updated": 1516897893
  },
  {
    "id": "c77dfc7b-eef6-423f-888e-fbe66c3582b1",
    "data": [
      {
        "text": "show me some ",
        "userDefined": false
      },
      {
        "text": "WMS",
        "alias": "keywords",
        "meta": "@keywords",
        "userDefined": false
      }
    ],
    "isTemplate": false,
    "count": 0,
    "updated": 1516897893
  }
]