[
  {
    "id": "269f9a4c-ebdb-41d5-bc8a-42c4302edae2",
    "data": [
      {
        "text": "Do you know anything about ",
        "userDefined": false
      },
      {
        "text": "Virtual Reality",
        "alias": "content_type",
        "meta": "@content_type",
        "userDefined": false
      },
      {
        "text": "?",
        "userDefined": false
      }
    ],
    "isTemplate": false,
    "count": 0
  },
  {
    "id": "7f4e617d-0e58-4c6f-9875-e218dfcf9dfd",
    "data": [
      {
        "text": "I like ",
        "userDefined": false
      },
      {
        "text": "360",
        "alias": "content_type",
        "meta": "@content_type",
        "userDefined": false
      },
      {
        "text": " takes",
        "userDefined": false
      }
    ],
    "isTemplate": false,
    "count": 0
  },
  {
    "id": "16a24d0c-8c3e-438b-8c1f-186377da57ff",
    "data": [
      {
        "text": "Web Scenes",
        "alias": "content_type",
        "meta": "@content_type",
        "userDefined": false
      }
    ],
    "isTemplate": false,
    "count": 0
  },
  {
    "id": "87d79f73-7804-4e0b-a74d-06b59c8a4832",
    "data": [
      {
        "text": "@content_type",
        "userDefined": false
      }
    ],
    "isTemplate": false,
    "count": 0
  },
  {
    "id": "e8df3026-d111-48e2-8cda-a73d602b4c12",
    "data": [
      {
        "text": "ey , i want info about ",
        "userDefined": false
      },
      {
        "text": "Image Services",
        "alias": "content_type",
        "meta": "@content_type",
        "userDefined": false
      }
    ],
    "isTemplate": false,
    "count": 0
  },
  {
    "id": "0c847ea5-0dfa-476b-9ba4-f85f2a150394",
    "data": [
      {
        "text": "show me some ",
        "userDefined": false
      },
      {
        "text": "vector tiles",
        "alias": "content_type",
        "meta": "@content_type",
        "userDefined": true
      }
    ],
    "isTemplate": false,
    "count": 0
  },
  {
    "id": "ccc120cc-6b95-408c-8d91-55c593232019",
    "data": [
      {
        "text": "Do you know about ",
        "userDefined": false
      },
      {
        "text": "vector tiles",
        "alias": "content_type",
        "meta": "@content_type",
        "userDefined": false
      },
      {
        "text": "?",
        "userDefined": false
      }
    ],
    "isTemplate": false,
    "count": 0,
    "updated": 0
  },
  {
    "id": "8f8a63ae-41a1-4ccc-a85b-2731068efde7",
    "data": [
      {
        "text": "I\u0027m looking for ",
        "userDefined": false
      },
      {
        "text": "vector tiles",
        "alias": "content_type",
        "meta": "@content_type",
        "userDefined": false
      }
    ],
    "isTemplate": false,
    "count": 0,
    "updated": 0
  },
  {
    "id": "55ed0220-5d62-4cf2-b402-e260b1cc7563",
    "data": [
      {
        "text": "I\u0027m a huge fan of Excel files",
        "userDefined": false
      }
    ],
    "isTemplate": false,
    "count": 0,
    "updated": 0
  },
  {
    "id": "99ad38c4-dacd-4115-b560-59521bec5cd8",
    "data": [
      {
        "text": "I\u0027m a huge fan of ",
        "userDefined": false
      },
      {
        "text": "Excel",
        "alias": "content_type",
        "meta": "@content_type",
        "userDefined": true
      },
      {
        "text": " files",
        "userDefined": false
      }
    ],
    "isTemplate": false,
    "count": 0
  },
  {
    "id": "877a789f-b85e-4461-967e-2f70325a0e90",
    "data": [
      {
        "text": "PDF",
        "alias": "content_type",
        "meta": "@content_type",
        "userDefined": false
      },
      {
        "text": " files are my thing",
        "userDefined": false
      }
    ],
    "isTemplate": false,
    "count": 0
  },
  {
    "id": "4b2c9cb1-48b3-42eb-9281-e696512f0078",
    "data": [
      {
        "text": "I\u0027m desperate . Please show me something about ",
        "userDefined": false
      },
      {
        "text": "Network analysis",
        "alias": "content_type",
        "meta": "@content_type",
        "userDefined": true
      }
    ],
    "isTemplate": false,
    "count": 0,
    "updated": 1516913972
  },
  {
    "id": "a874b2fd-98dc-497c-a71b-63a08e36b08d",
    "data": [
      {
        "text": "Uhh, I\u0027m thinking about ",
        "userDefined": false
      },
      {
        "text": "basemaps",
        "alias": "content_type",
        "meta": "@content_type",
        "userDefined": false
      },
      {
        "text": " , could you get me some?",
        "userDefined": false
      }
    ],
    "isTemplate": false,
    "count": 0,
    "updated": 1516913972
  },
  {
    "id": "26710cc5-6fd5-4f90-a348-4c4be5ca1cd2",
    "data": [
      {
        "text": "Could you recommend me a ",
        "userDefined": false
      },
      {
        "text": "Image Service",
        "alias": "content_type",
        "meta": "@content_type",
        "userDefined": false
      },
      {
        "text": "?",
        "userDefined": false
      }
    ],
    "isTemplate": false,
    "count": 0,
    "updated": 1516913972
  },
  {
    "id": "2c64d082-b313-4a82-9616-f7c750ead618",
    "data": [
      {
        "text": "I would like to explore ",
        "userDefined": false
      },
      {
        "text": "vector tiles",
        "alias": "content_type",
        "meta": "@content_type",
        "userDefined": false
      }
    ],
    "isTemplate": false,
    "count": 0,
    "updated": 1516913972
  }
]