[
  {
    "value": "Maps",
    "synonyms": [
      "Maps"
    ]
  },
  {
    "value": "Web Map",
    "synonyms": [
      "Web Map"
    ]
  },
  {
    "value": "CityEngine Web Scene",
    "synonyms": [
      "CityEngine Web Scene"
    ]
  },
  {
    "value": "Web Scene",
    "synonyms": [
      "Web Scene"
    ]
  },
  {
    "value": "360 VR Experience",
    "synonyms": [
      "360 VR Experience",
      "360",
      "VR",
      "Hololens",
      "Virtual Reality"
    ]
  },
  {
    "value": "Pro Map",
    "synonyms": [
      "Pro Map"
    ]
  },
  {
    "value": "Map Area",
    "synonyms": [
      "Map Area"
    ]
  },
  {
    "value": "Layers",
    "synonyms": [
      "Layers"
    ]
  },
  {
    "value": "Feature Service",
    "synonyms": [
      "Feature Service"
    ]
  },
  {
    "value": "Map Service",
    "synonyms": [
      "Map Service"
    ]
  },
  {
    "value": "Image Service",
    "synonyms": [
      "Image Service",
      "image services"
    ]
  },
  {
    "value": "KML",
    "synonyms": [
      "KML"
    ]
  },
  {
    "value": "KML Collection",
    "synonyms": [
      "KML Collection"
    ]
  },
  {
    "value": "WMS",
    "synonyms": [
      "WMS"
    ]
  },
  {
    "value": "WFS",
    "synonyms": [
      "WFS"
    ]
  },
  {
    "value": "WMTS",
    "synonyms": [
      "WMTS"
    ]
  },
  {
    "value": "Feature Collection",
    "synonyms": [
      "Feature Collection"
    ]
  },
  {
    "value": "Feature Collection Template",
    "synonyms": [
      "Feature Collection Template"
    ]
  },
  {
    "value": "Vector Tile",
    "synonyms": [
      "Vector Tile"
    ]
  },
  {
    "value": "Basemap",
    "synonyms": [
      "Basemap"
    ]
  },
  {
    "value": "Vector Tile Service",
    "synonyms": [
      "Vector Tile Service"
    ]
  },
  {
    "value": "Scene Service",
    "synonyms": [
      "Scene Service"
    ]
  },
  {
    "value": "Geometry Service",
    "synonyms": [
      "Geometry Service"
    ]
  },
  {
    "value": "Geocoding Service",
    "synonyms": [
      "Geocoding Service"
    ]
  },
  {
    "value": "Network Analysis Service",
    "synonyms": [
      "Network Analysis Service"
    ]
  },
  {
    "value": "Geoprocessing Service",
    "synonyms": [
      "Geoprocessing Service"
    ]
  },
  {
    "value": "Workflow Manager Service",
    "synonyms": [
      "Workflow Manager Service"
    ]
  },
  {
    "value": "Applications",
    "synonyms": [
      "Applications"
    ]
  },
  {
    "value": "Web Mapping Application",
    "synonyms": [
      "Web Mapping Application"
    ]
  },
  {
    "value": "Mobile Application",
    "synonyms": [
      "Mobile Application"
    ]
  },
  {
    "value": "Code Attachment",
    "synonyms": [
      "Code Attachment"
    ]
  },
  {
    "value": "Native Application",
    "synonyms": [
      "Native Application"
    ]
  },
  {
    "value": "Native Application Template",
    "synonyms": [
      "Native Application Template"
    ]
  },
  {
    "value": "Native Application Installer",
    "synonyms": [
      "Native Application Installer"
    ]
  },
  {
    "value": "Insights Workbook",
    "synonyms": [
      "Insights Workbook"
    ]
  },
  {
    "value": "Insights Model",
    "synonyms": [
      "Insights Model"
    ]
  },
  {
    "value": "Insights Page",
    "synonyms": [
      "Insights Page"
    ]
  },
  {
    "value": "Dashboard",
    "synonyms": [
      "Dashboard"
    ]
  },
  {
    "value": "Hub Initiative",
    "synonyms": [
      "Hub Initiative"
    ]
  },
  {
    "value": "Hub Site Application",
    "synonyms": [
      "Hub Site Application"
    ]
  },
  {
    "value": "Hub Page",
    "synonyms": [
      "Hub Page"
    ]
  },
  {
    "value": "AppBuilder",
    "synonyms": [
      "AppBuilder"
    ]
  },
  {
    "value": "AppBuilder Widget Package",
    "synonyms": [
      "AppBuilder Widget Package"
    ]
  },
  {
    "value": "Data Files",
    "synonyms": [
      "Data Files"
    ]
  },
  {
    "value": "Symbol Set",
    "synonyms": [
      "Symbol Set"
    ]
  },
  {
    "value": "Color Set",
    "synonyms": [
      "Color Set"
    ]
  },
  {
    "value": "Shapefile",
    "synonyms": [
      "Shapefile"
    ]
  },
  {
    "value": "File Geodatabase",
    "synonyms": [
      "File Geodatabase"
    ]
  },
  {
    "value": "CSV",
    "synonyms": [
      "CSV"
    ]
  },
  {
    "value": "CAD Drawing",
    "synonyms": [
      "CAD Drawing"
    ]
  },
  {
    "value": "Service Definition",
    "synonyms": [
      "Service Definition"
    ]
  },
  {
    "value": "Document Link",
    "synonyms": [
      "Document Link"
    ]
  },
  {
    "value": "Microsoft Word",
    "synonyms": [
      "Microsoft Word"
    ]
  },
  {
    "value": "Microsoft Powerpoint",
    "synonyms": [
      "Microsoft Powerpoint"
    ]
  },
  {
    "value": "Microsoft Excel",
    "synonyms": [
      "Microsoft Excel"
    ]
  },
  {
    "value": "PDF",
    "synonyms": [
      "PDF"
    ]
  },
  {
    "value": "Image",
    "synonyms": [
      "Image",
      "image"
    ]
  },
  {
    "value": "Report Template",
    "synonyms": [
      "Report Template"
    ]
  },
  {
    "value": "Statistical Data Collection",
    "synonyms": [
      "Statistical Data Collection"
    ]
  },
  {
    "value": "Network analysis",
    "synonyms": [
      "Network analysis"
    ]
  },
  {
    "value": "StoryMap",
    "synonyms": [
      "StoryMap",
      "storymap"
    ]
  }
]