[
  {
    "id": "dd1fd171-2281-4ba5-a30f-bb86e0433352",
    "data": [
      {
        "text": "It would be nice if you can get me some ",
        "userDefined": false
      },
      {
        "text": "Excel",
        "alias": "content_type",
        "meta": "@content_type",
        "userDefined": false
      },
      {
        "text": " files from ",
        "userDefined": false
      },
      {
        "text": "Geo Geeks",
        "alias": "organization",
        "meta": "@organization",
        "userDefined": false
      }
    ],
    "isTemplate": false,
    "count": 0
  },
  {
    "id": "e473943b-bac6-4418-b782-2fd7c9da27ea",
    "data": [
      {
        "text": "do you have ",
        "userDefined": false
      },
      {
        "text": "Excel",
        "alias": "content_type",
        "meta": "@content_type",
        "userDefined": false
      },
      {
        "text": " files?",
        "userDefined": false
      }
    ],
    "isTemplate": false,
    "count": 0
  },
  {
    "id": "7db2921c-cc27-45ac-b717-bb7cbab41ea5",
    "data": [
      {
        "text": "I would like to see some ",
        "userDefined": false
      },
      {
        "text": "Maps",
        "alias": "content_type",
        "meta": "@content_type",
        "userDefined": false
      }
    ],
    "isTemplate": false,
    "count": 0
  },
  {
    "id": "bb6d6bdd-3658-41ba-b51d-3b2dbad50b18",
    "data": [
      {
        "text": "I\u0027m hungry of ",
        "userDefined": false
      },
      {
        "text": "scenes",
        "alias": "content_type",
        "meta": "@content_type",
        "userDefined": false
      },
      {
        "text": " from ",
        "userDefined": false
      },
      {
        "text": "geogeeks",
        "alias": "organization",
        "meta": "@organization",
        "userDefined": false
      }
    ],
    "isTemplate": false,
    "count": 0
  },
  {
    "id": "0b3a5922-0b26-48ad-b68c-048c99472015",
    "data": [
      {
        "text": "I\u0027m hungry of ",
        "userDefined": false
      },
      {
        "text": "web scenes",
        "alias": "content_type",
        "meta": "@content_type",
        "userDefined": false
      }
    ],
    "isTemplate": false,
    "count": 1
  },
  {
    "id": "efc5aea3-75b8-4290-b2d1-3782509c9d25",
    "data": [
      {
        "text": "scenes",
        "alias": "content_type",
        "meta": "@content_type",
        "userDefined": false
      },
      {
        "text": " from ",
        "userDefined": false
      },
      {
        "text": "geogeeks",
        "alias": "organization",
        "meta": "@organization",
        "userDefined": true
      }
    ],
    "isTemplate": false,
    "count": 0
  },
  {
    "id": "be56f7d4-c74d-48c2-ab52-6e925969fa3d",
    "data": [
      {
        "text": "give me ",
        "userDefined": false
      },
      {
        "text": "vector tiles",
        "alias": "content_type",
        "meta": "@content_type",
        "userDefined": false
      }
    ],
    "isTemplate": false,
    "count": 1
  },
  {
    "id": "0f8a4a76-dcf1-43f8-b390-f3a9e9ccfdf9",
    "data": [
      {
        "text": "What are your ",
        "userDefined": false
      },
      {
        "text": "published codes",
        "alias": "content_type",
        "meta": "@content_type",
        "userDefined": false
      },
      {
        "text": "?",
        "userDefined": false
      }
    ],
    "isTemplate": false,
    "count": 0
  },
  {
    "id": "63ccbd4c-e63f-4870-986a-d6129a79c88c",
    "data": [
      {
        "text": "Self configured templates",
        "alias": "content_type",
        "meta": "@content_type",
        "userDefined": false
      }
    ],
    "isTemplate": false,
    "count": 0
  },
  {
    "id": "3d1fd920-c71b-4a9d-8267-dc7e1a4c3b7e",
    "data": [
      {
        "text": "Map journal",
        "alias": "content_type1",
        "meta": "@content_type",
        "userDefined": false
      },
      {
        "text": " ",
        "userDefined": false
      },
      {
        "text": "storymaps",
        "alias": "content_type",
        "meta": "@content_type",
        "userDefined": false
      }
    ],
    "isTemplate": false,
    "count": 0
  },
  {
    "id": "923bf5c6-51c2-445b-ba07-62e3f5225ee2",
    "data": [
      {
        "text": "please show me some ",
        "userDefined": false
      },
      {
        "text": "map journals",
        "alias": "content_type",
        "meta": "@content_type",
        "userDefined": false
      },
      {
        "text": " from ",
        "userDefined": false
      },
      {
        "text": "GeoGeeks",
        "alias": "organization",
        "meta": "@organization",
        "userDefined": true
      }
    ],
    "isTemplate": false,
    "count": 0
  },
  {
    "id": "a750a2a9-48e6-4fb6-af9a-53d2a76afff1",
    "data": [
      {
        "text": "Do you know anything about ",
        "userDefined": false
      },
      {
        "text": "Virtual Reality",
        "alias": "content_type",
        "meta": "@content_type",
        "userDefined": false
      },
      {
        "text": "?",
        "userDefined": false
      }
    ],
    "isTemplate": false,
    "count": 0
  },
  {
    "id": "b4469881-6f8d-44ef-8d8a-8ba5857f3bdb",
    "data": [
      {
        "text": "I like ",
        "userDefined": false
      },
      {
        "text": "360",
        "alias": "content_type",
        "meta": "@content_type",
        "userDefined": false
      },
      {
        "text": " takes",
        "userDefined": false
      }
    ],
    "isTemplate": false,
    "count": 0
  },
  {
    "id": "f7ecef66-bd4a-404e-8165-25086f73a81e",
    "data": [
      {
        "text": "Web Scenes",
        "alias": "content_type",
        "meta": "@content_type",
        "userDefined": false
      },
      {
        "text": " from geo geeks",
        "userDefined": false
      }
    ],
    "isTemplate": false,
    "count": 0
  },
  {
    "id": "e0220c23-bf8f-4273-83ef-98d3c3559f77",
    "data": [
      {
        "text": "@content_type",
        "userDefined": false
      }
    ],
    "isTemplate": false,
    "count": 0
  },
  {
    "id": "12ccd2ab-a80a-4191-a4e2-effdd53c1f2f",
    "data": [
      {
        "text": "ey , i want info about ",
        "userDefined": false
      },
      {
        "text": "Image Services",
        "alias": "content_type",
        "meta": "@content_type",
        "userDefined": false
      }
    ],
    "isTemplate": false,
    "count": 0
  },
  {
    "id": "bed1d0b4-2045-4bd9-96a6-fe370191c800",
    "data": [
      {
        "text": "show me some ",
        "userDefined": false
      },
      {
        "text": "vector tiles",
        "alias": "content_type",
        "meta": "@content_type",
        "userDefined": true
      }
    ],
    "isTemplate": false,
    "count": 0
  },
  {
    "id": "c52155a3-a104-4ebb-a316-824746173b36",
    "data": [
      {
        "text": "Do you know about ",
        "userDefined": false
      },
      {
        "text": "vector tiles",
        "alias": "content_type",
        "meta": "@content_type",
        "userDefined": false
      },
      {
        "text": "?",
        "userDefined": false
      }
    ],
    "isTemplate": false,
    "count": 0,
    "updated": 0
  },
  {
    "id": "354c1c8e-0fdf-43e5-8c4e-d4ab7337d62c",
    "data": [
      {
        "text": "I\u0027m looking for ",
        "userDefined": false
      },
      {
        "text": "vector tiles",
        "alias": "content_type",
        "meta": "@content_type",
        "userDefined": false
      }
    ],
    "isTemplate": false,
    "count": 0,
    "updated": 0
  },
  {
    "id": "38cf19fb-c1b3-4260-b3f0-13a8181694af",
    "data": [
      {
        "text": "I\u0027m a huge fan of Excel files",
        "userDefined": false
      }
    ],
    "isTemplate": false,
    "count": 0,
    "updated": 0
  },
  {
    "id": "73ad6cc1-a973-4cb2-b8e5-2c10eaee086c",
    "data": [
      {
        "text": "I\u0027m a huge fan of ",
        "userDefined": false
      },
      {
        "text": "Excel",
        "alias": "content_type",
        "meta": "@content_type",
        "userDefined": true
      },
      {
        "text": " files",
        "userDefined": false
      }
    ],
    "isTemplate": false,
    "count": 0
  },
  {
    "id": "8c74ce3a-b404-498a-9d37-318c05c5af6b",
    "data": [
      {
        "text": "PDF",
        "alias": "content_type",
        "meta": "@content_type",
        "userDefined": false
      },
      {
        "text": " files are my thing",
        "userDefined": false
      }
    ],
    "isTemplate": false,
    "count": 0
  },
  {
    "id": "a8f941e6-c76b-41d1-905b-0f6d0553f0b7",
    "data": [
      {
        "text": "I\u0027m desperate . Please show me something about ",
        "userDefined": false
      },
      {
        "text": "Network analysis",
        "alias": "content_type",
        "meta": "@content_type",
        "userDefined": true
      }
    ],
    "isTemplate": false,
    "count": 0,
    "updated": 1516913972
  },
  {
    "id": "f1a910b2-4a99-44f1-a211-db7bb078bb74",
    "data": [
      {
        "text": "Uhh, I\u0027m thinking about ",
        "userDefined": false
      },
      {
        "text": "basemaps",
        "alias": "content_type",
        "meta": "@content_type",
        "userDefined": false
      },
      {
        "text": " , could you get me some?",
        "userDefined": false
      }
    ],
    "isTemplate": false,
    "count": 0,
    "updated": 1516913972
  },
  {
    "id": "bad4fecc-ba9e-4318-9ba7-f8702abc3b95",
    "data": [
      {
        "text": "Could you recommend me a ",
        "userDefined": false
      },
      {
        "text": "Image Service",
        "alias": "content_type",
        "meta": "@content_type",
        "userDefined": false
      },
      {
        "text": "?",
        "userDefined": false
      }
    ],
    "isTemplate": false,
    "count": 0,
    "updated": 1516913972
  },
  {
    "id": "82c7f5c5-97d0-450a-88a9-5bd61847d955",
    "data": [
      {
        "text": "I would like to explore ",
        "userDefined": false
      },
      {
        "text": "vector tiles",
        "alias": "content_type",
        "meta": "@content_type",
        "userDefined": false
      },
      {
        "text": " published by ",
        "userDefined": false
      },
      {
        "text": "geogeeks",
        "alias": "organization",
        "meta": "@organization",
        "userDefined": true
      }
    ],
    "isTemplate": false,
    "count": 0,
    "updated": 1516913972
  }
]