[
  {
    "id": "41db0825-4c6c-47d1-956d-a4da8953157e",
    "data": [
      {
        "text": "I\u0027m hungry of ",
        "userDefined": false
      },
      {
        "text": "web scenes",
        "alias": "content_type",
        "meta": "@content_type",
        "userDefined": false
      }
    ],
    "isTemplate": false,
    "count": 1
  },
  {
    "id": "c8571a12-ed08-4aa6-af71-d598283aac93",
    "data": [
      {
        "text": "scenes",
        "alias": "content_type",
        "meta": "@content_type",
        "userDefined": false
      }
    ],
    "isTemplate": false,
    "count": 0
  },
  {
    "id": "02eb2796-815c-4f53-aa4a-6c61918bc91e",
    "data": [
      {
        "text": "give me ",
        "userDefined": false
      },
      {
        "text": "vector tiles",
        "alias": "content_type",
        "meta": "@content_type",
        "userDefined": false
      }
    ],
    "isTemplate": false,
    "count": 1
  },
  {
    "id": "c2b0cf36-38de-428b-8b6d-c85dc2f461ed",
    "data": [
      {
        "text": "What are your ",
        "userDefined": false
      },
      {
        "text": "published codes",
        "alias": "content_type",
        "meta": "@content_type",
        "userDefined": false
      },
      {
        "text": "?",
        "userDefined": false
      }
    ],
    "isTemplate": false,
    "count": 0
  },
  {
    "id": "5185a1e5-1520-40c7-941b-7442c9cebf95",
    "data": [
      {
        "text": "Self configured templates",
        "alias": "content_type",
        "meta": "@content_type",
        "userDefined": false
      }
    ],
    "isTemplate": false,
    "count": 0
  },
  {
    "id": "40138038-82fc-411f-b941-170053ec1789",
    "data": [
      {
        "text": "Map journal",
        "alias": "content_type1",
        "meta": "@content_type",
        "userDefined": false
      },
      {
        "text": " ",
        "userDefined": false
      },
      {
        "text": "storymaps",
        "alias": "content_type",
        "meta": "@content_type",
        "userDefined": false
      }
    ],
    "isTemplate": false,
    "count": 0
  },
  {
    "id": "5c5c1c04-48e4-40b1-be14-f659d2d247ce",
    "data": [
      {
        "text": "please show me some ",
        "userDefined": false
      },
      {
        "text": "map journals",
        "alias": "content_type",
        "meta": "@content_type",
        "userDefined": false
      }
    ],
    "isTemplate": false,
    "count": 0
  },
  {
    "id": "91ac4f7f-7055-4937-be56-4863f7c6fa73",
    "data": [
      {
        "text": "Do you know anything about ",
        "userDefined": false
      },
      {
        "text": "Virtual Reality",
        "alias": "content_type",
        "meta": "@content_type",
        "userDefined": false
      },
      {
        "text": "?",
        "userDefined": false
      }
    ],
    "isTemplate": false,
    "count": 0
  },
  {
    "id": "aea953f8-37e0-44f5-8744-05911b585fc3",
    "data": [
      {
        "text": "I like ",
        "userDefined": false
      },
      {
        "text": "360",
        "alias": "content_type",
        "meta": "@content_type",
        "userDefined": false
      },
      {
        "text": " takes",
        "userDefined": false
      }
    ],
    "isTemplate": false,
    "count": 0
  },
  {
    "id": "279f8d29-1e7f-4795-b0e6-c98c4480ddc4",
    "data": [
      {
        "text": "Web Scenes",
        "alias": "content_type",
        "meta": "@content_type",
        "userDefined": false
      }
    ],
    "isTemplate": false,
    "count": 0
  },
  {
    "id": "c9e1ef8d-ed2f-45c0-beda-b17f54c0e566",
    "data": [
      {
        "text": "@content_type",
        "userDefined": false
      }
    ],
    "isTemplate": false,
    "count": 0
  },
  {
    "id": "4219849f-9d68-405e-9ba8-cb488add4004",
    "data": [
      {
        "text": "ey , i want info about ",
        "userDefined": false
      },
      {
        "text": "Image Services",
        "alias": "content_type",
        "meta": "@content_type",
        "userDefined": false
      }
    ],
    "isTemplate": false,
    "count": 0
  },
  {
    "id": "9aeee8fc-8b2e-4c63-a279-9de99f6b32d8",
    "data": [
      {
        "text": "show me some ",
        "userDefined": false
      },
      {
        "text": "vector tiles",
        "alias": "content_type",
        "meta": "@content_type",
        "userDefined": true
      }
    ],
    "isTemplate": false,
    "count": 0
  },
  {
    "id": "98baacdd-d0ae-4c82-8ff3-cc27bd46a11c",
    "data": [
      {
        "text": "Do you know about ",
        "userDefined": false
      },
      {
        "text": "vector tiles",
        "alias": "content_type",
        "meta": "@content_type",
        "userDefined": false
      },
      {
        "text": "?",
        "userDefined": false
      }
    ],
    "isTemplate": false,
    "count": 0,
    "updated": 0
  },
  {
    "id": "c3bc4a2e-444e-42dd-a205-4df3c7170977",
    "data": [
      {
        "text": "I\u0027m looking for ",
        "userDefined": false
      },
      {
        "text": "vector tiles",
        "alias": "content_type",
        "meta": "@content_type",
        "userDefined": false
      }
    ],
    "isTemplate": false,
    "count": 0,
    "updated": 0
  },
  {
    "id": "cfc900e8-096c-4b25-95b4-60f64cfa1bd1",
    "data": [
      {
        "text": "I\u0027m a huge fan of Excel files",
        "userDefined": false
      }
    ],
    "isTemplate": false,
    "count": 0,
    "updated": 0
  },
  {
    "id": "cac31e39-77db-4521-8301-567930f6de51",
    "data": [
      {
        "text": "I\u0027m a huge fan of ",
        "userDefined": false
      },
      {
        "text": "Excel",
        "alias": "content_type",
        "meta": "@content_type",
        "userDefined": true
      },
      {
        "text": " files",
        "userDefined": false
      }
    ],
    "isTemplate": false,
    "count": 0
  },
  {
    "id": "63c55213-445c-43e2-a946-f02ad8803988",
    "data": [
      {
        "text": "PDF",
        "alias": "content_type",
        "meta": "@content_type",
        "userDefined": false
      },
      {
        "text": " files are my thing",
        "userDefined": false
      }
    ],
    "isTemplate": false,
    "count": 0
  },
  {
    "id": "04f2e5d6-cc4d-442e-a445-48f8aa7b7962",
    "data": [
      {
        "text": "I\u0027m desperate . Please show me something about ",
        "userDefined": false
      },
      {
        "text": "Network analysis",
        "alias": "content_type",
        "meta": "@content_type",
        "userDefined": true
      }
    ],
    "isTemplate": false,
    "count": 0,
    "updated": 1516913972
  },
  {
    "id": "a86d9a36-0712-4087-bf80-2a5cf9106c1d",
    "data": [
      {
        "text": "Uhh, I\u0027m thinking about ",
        "userDefined": false
      },
      {
        "text": "basemaps",
        "alias": "content_type",
        "meta": "@content_type",
        "userDefined": false
      },
      {
        "text": " , could you get me some?",
        "userDefined": false
      }
    ],
    "isTemplate": false,
    "count": 0,
    "updated": 1516913972
  },
  {
    "id": "2e31126b-9057-4c71-9d99-718d3a63caee",
    "data": [
      {
        "text": "Could you recommend me a ",
        "userDefined": false
      },
      {
        "text": "Image Service",
        "alias": "content_type",
        "meta": "@content_type",
        "userDefined": false
      },
      {
        "text": "?",
        "userDefined": false
      }
    ],
    "isTemplate": false,
    "count": 0,
    "updated": 1516913972
  },
  {
    "id": "e1920ee6-5f5d-4f80-baf3-3244a6e84195",
    "data": [
      {
        "text": "I would like to explore ",
        "userDefined": false
      },
      {
        "text": "vector tiles",
        "alias": "content_type",
        "meta": "@content_type",
        "userDefined": false
      }
    ],
    "isTemplate": false,
    "count": 0,
    "updated": 1516913972
  }
]