[
  {
    "id": "42de9bb0-ff24-4e7f-9142-51981e0a2d8a",
    "data": [
      {
        "text": "I want ",
        "userDefined": false
      },
      {
        "text": "Image Service",
        "alias": "content_type",
        "meta": "@content_type",
        "userDefined": false
      },
      {
        "text": " items",
        "userDefined": false
      }
    ],
    "isTemplate": false,
    "count": 0
  },
  {
    "id": "8634f1ed-dbf3-40ed-8fa3-22574e756fc9",
    "data": [
      {
        "text": "I\u0027m looking for ",
        "userDefined": false
      },
      {
        "text": "sample codes",
        "alias": "content_type",
        "meta": "@content_type",
        "userDefined": false
      },
      {
        "text": " from ",
        "userDefined": false
      },
      {
        "text": "geogeeks",
        "alias": "organization",
        "meta": "@organization",
        "userDefined": false
      }
    ],
    "isTemplate": false,
    "count": 0
  },
  {
    "id": "472fa4dc-e2e0-44e3-bde3-fd8a1180876e",
    "data": [
      {
        "text": "i\u0027m looking for ",
        "userDefined": false
      },
      {
        "text": "code samples",
        "alias": "content_type",
        "meta": "@content_type",
        "userDefined": true
      }
    ],
    "isTemplate": false,
    "count": 1
  },
  {
    "id": "ceca2fb4-015f-4b67-ad8e-6eeb20e67453",
    "data": [
      {
        "text": "which ",
        "userDefined": false
      },
      {
        "text": "basemaps",
        "alias": "content_type",
        "meta": "@content_type",
        "userDefined": false
      },
      {
        "text": " have you published?",
        "userDefined": false
      }
    ],
    "isTemplate": false,
    "count": 0
  },
  {
    "id": "2eff7888-0ac9-429b-8e42-5210ea916907",
    "data": [
      {
        "text": "3D Maps",
        "alias": "content_type",
        "meta": "@content_type",
        "userDefined": false
      }
    ],
    "isTemplate": false,
    "count": 0
  },
  {
    "id": "3c9328b7-1602-4f3b-9a7d-b6764b42176c",
    "data": [
      {
        "text": "3D",
        "alias": "content_type",
        "meta": "@content_type",
        "userDefined": false
      }
    ],
    "isTemplate": false,
    "count": 0
  },
  {
    "id": "6d274765-201c-4c52-bf10-a7f72fdef699",
    "data": [
      {
        "text": "give me some ",
        "userDefined": false
      },
      {
        "text": "published codes",
        "alias": "content_type",
        "meta": "@content_type",
        "userDefined": false
      },
      {
        "text": " from ",
        "userDefined": false
      },
      {
        "text": "geogeeks",
        "alias": "organization",
        "meta": "@organization",
        "userDefined": false
      }
    ],
    "isTemplate": false,
    "count": 0
  },
  {
    "id": "6a0537c5-a029-4450-b626-9e270957bb8c",
    "data": [
      {
        "text": "It would be nice if you can get me some ",
        "userDefined": false
      },
      {
        "text": "Excel",
        "alias": "content_type",
        "meta": "@content_type",
        "userDefined": false
      },
      {
        "text": " files from ",
        "userDefined": false
      },
      {
        "text": "Geo Geeks",
        "alias": "organization",
        "meta": "@organization",
        "userDefined": false
      }
    ],
    "isTemplate": false,
    "count": 0
  },
  {
    "id": "5febc64a-e68e-4727-bfb3-2cd34082e102",
    "data": [
      {
        "text": "do you have ",
        "userDefined": false
      },
      {
        "text": "Excel",
        "alias": "content_type",
        "meta": "@content_type",
        "userDefined": false
      },
      {
        "text": " files?",
        "userDefined": false
      }
    ],
    "isTemplate": false,
    "count": 0
  },
  {
    "id": "a910502a-9418-4010-9e4f-6d737c409dea",
    "data": [
      {
        "text": "I would like to see some ",
        "userDefined": false
      },
      {
        "text": "Maps",
        "alias": "content_type",
        "meta": "@content_type",
        "userDefined": false
      }
    ],
    "isTemplate": false,
    "count": 0
  },
  {
    "id": "224f8dbf-35cb-46bf-98d5-58527a1370a1",
    "data": [
      {
        "text": "I\u0027m hungry of ",
        "userDefined": false
      },
      {
        "text": "scenes",
        "alias": "content_type",
        "meta": "@content_type",
        "userDefined": false
      },
      {
        "text": " from ",
        "userDefined": false
      },
      {
        "text": "geogeeks",
        "alias": "organization",
        "meta": "@organization",
        "userDefined": false
      }
    ],
    "isTemplate": false,
    "count": 0
  },
  {
    "id": "4d2b215e-78ff-406b-9e2a-876a7b62ab6a",
    "data": [
      {
        "text": "I\u0027m hungry of ",
        "userDefined": false
      },
      {
        "text": "web scenes",
        "alias": "content_type",
        "meta": "@content_type",
        "userDefined": false
      }
    ],
    "isTemplate": false,
    "count": 1
  },
  {
    "id": "583024ea-0ef0-44c5-bab6-afa478ccd278",
    "data": [
      {
        "text": "scenes",
        "alias": "content_type",
        "meta": "@content_type",
        "userDefined": false
      },
      {
        "text": " from ",
        "userDefined": false
      },
      {
        "text": "geogeeks",
        "alias": "organization",
        "meta": "@organization",
        "userDefined": true
      }
    ],
    "isTemplate": false,
    "count": 0
  },
  {
    "id": "1b6eebe0-6ffe-4299-8c30-5bbf1ec6ebd3",
    "data": [
      {
        "text": "give me ",
        "userDefined": false
      },
      {
        "text": "vector tiles",
        "alias": "content_type",
        "meta": "@content_type",
        "userDefined": false
      }
    ],
    "isTemplate": false,
    "count": 1
  },
  {
    "id": "18749bf9-402a-46ff-8a42-960466dbbbb1",
    "data": [
      {
        "text": "What are your ",
        "userDefined": false
      },
      {
        "text": "published codes",
        "alias": "content_type",
        "meta": "@content_type",
        "userDefined": false
      },
      {
        "text": "?",
        "userDefined": false
      }
    ],
    "isTemplate": false,
    "count": 0
  },
  {
    "id": "a0f78b7a-1f76-4c25-904b-2d146f9701c3",
    "data": [
      {
        "text": "Self configured templates",
        "alias": "content_type",
        "meta": "@content_type",
        "userDefined": false
      }
    ],
    "isTemplate": false,
    "count": 0
  },
  {
    "id": "ce1131dc-1c30-4ee4-8c62-ca7b75afd68b",
    "data": [
      {
        "text": "Map journal",
        "alias": "content_type1",
        "meta": "@content_type",
        "userDefined": false
      },
      {
        "text": " ",
        "userDefined": false
      },
      {
        "text": "storymaps",
        "alias": "content_type",
        "meta": "@content_type",
        "userDefined": false
      }
    ],
    "isTemplate": false,
    "count": 0
  },
  {
    "id": "574afb75-bbc9-402b-a7f0-ad87dd08dbe0",
    "data": [
      {
        "text": "please show me some ",
        "userDefined": false
      },
      {
        "text": "map journals",
        "alias": "content_type",
        "meta": "@content_type",
        "userDefined": false
      },
      {
        "text": " from ",
        "userDefined": false
      },
      {
        "text": "GeoGeeks",
        "alias": "organization",
        "meta": "@organization",
        "userDefined": true
      }
    ],
    "isTemplate": false,
    "count": 0
  },
  {
    "id": "0461aed2-3434-400d-892f-bf3e1cf1d829",
    "data": [
      {
        "text": "Do you know anything about ",
        "userDefined": false
      },
      {
        "text": "Virtual Reality",
        "alias": "content_type",
        "meta": "@content_type",
        "userDefined": false
      },
      {
        "text": "?",
        "userDefined": false
      }
    ],
    "isTemplate": false,
    "count": 0
  },
  {
    "id": "5377a8f4-29f8-4912-a2b3-72858fca6606",
    "data": [
      {
        "text": "I like ",
        "userDefined": false
      },
      {
        "text": "360",
        "alias": "content_type",
        "meta": "@content_type",
        "userDefined": false
      },
      {
        "text": " takes",
        "userDefined": false
      }
    ],
    "isTemplate": false,
    "count": 0
  },
  {
    "id": "f970628a-ff48-44ad-964e-07c4ccd22b58",
    "data": [
      {
        "text": "Web Scenes",
        "alias": "content_type",
        "meta": "@content_type",
        "userDefined": false
      },
      {
        "text": " from geo geeks",
        "userDefined": false
      }
    ],
    "isTemplate": false,
    "count": 0
  },
  {
    "id": "79e74aaa-8a37-4f82-bd85-36b81d181c3d",
    "data": [
      {
        "text": "@content_type",
        "userDefined": false
      }
    ],
    "isTemplate": false,
    "count": 0
  },
  {
    "id": "37c33f74-45a2-4524-9d92-b1f5e34728f4",
    "data": [
      {
        "text": "ey , i want info about ",
        "userDefined": false
      },
      {
        "text": "Image Services",
        "alias": "content_type",
        "meta": "@content_type",
        "userDefined": false
      }
    ],
    "isTemplate": false,
    "count": 0
  },
  {
    "id": "bfd1800c-8965-4c5d-82ae-0c66b27e4e4a",
    "data": [
      {
        "text": "show me some ",
        "userDefined": false
      },
      {
        "text": "vector tiles",
        "alias": "content_type",
        "meta": "@content_type",
        "userDefined": true
      }
    ],
    "isTemplate": false,
    "count": 0
  },
  {
    "id": "c0961701-18d0-41a7-9907-973cbdfad8e3",
    "data": [
      {
        "text": "Do you know about ",
        "userDefined": false
      },
      {
        "text": "vector tiles",
        "alias": "content_type",
        "meta": "@content_type",
        "userDefined": false
      },
      {
        "text": "?",
        "userDefined": false
      }
    ],
    "isTemplate": false,
    "count": 0,
    "updated": 0
  },
  {
    "id": "de223712-5666-4cac-9819-fbe99fde4901",
    "data": [
      {
        "text": "I\u0027m looking for ",
        "userDefined": false
      },
      {
        "text": "vector tiles",
        "alias": "content_type",
        "meta": "@content_type",
        "userDefined": false
      }
    ],
    "isTemplate": false,
    "count": 0,
    "updated": 0
  },
  {
    "id": "f5f0f754-a911-40d7-9791-2178079601c3",
    "data": [
      {
        "text": "I\u0027m a huge fan of Excel files",
        "userDefined": false
      }
    ],
    "isTemplate": false,
    "count": 0,
    "updated": 0
  },
  {
    "id": "649e4793-9b37-4ecc-8256-0ba071191a54",
    "data": [
      {
        "text": "I\u0027m a huge fan of ",
        "userDefined": false
      },
      {
        "text": "Excel",
        "alias": "content_type",
        "meta": "@content_type",
        "userDefined": true
      },
      {
        "text": " files",
        "userDefined": false
      }
    ],
    "isTemplate": false,
    "count": 0
  },
  {
    "id": "1f636f98-7ae6-42bf-957d-e50e2b7615c2",
    "data": [
      {
        "text": "PDF",
        "alias": "content_type",
        "meta": "@content_type",
        "userDefined": false
      },
      {
        "text": " files are my thing",
        "userDefined": false
      }
    ],
    "isTemplate": false,
    "count": 0
  },
  {
    "id": "42351d18-dbe4-47fa-9649-7d84d01fe5e0",
    "data": [
      {
        "text": "I\u0027m desperate . Please show me something about ",
        "userDefined": false
      },
      {
        "text": "Network analysis",
        "alias": "content_type",
        "meta": "@content_type",
        "userDefined": true
      }
    ],
    "isTemplate": false,
    "count": 0,
    "updated": 1516913972
  },
  {
    "id": "05de8241-3131-4861-a4d0-f9cda8e925f4",
    "data": [
      {
        "text": "Uhh, I\u0027m thinking about ",
        "userDefined": false
      },
      {
        "text": "basemaps",
        "alias": "content_type",
        "meta": "@content_type",
        "userDefined": false
      },
      {
        "text": " , could you get me some?",
        "userDefined": false
      }
    ],
    "isTemplate": false,
    "count": 0,
    "updated": 1516913972
  },
  {
    "id": "f3450d7e-0182-4c9f-8a71-ba3c0be50c0f",
    "data": [
      {
        "text": "Could you recommend me a ",
        "userDefined": false
      },
      {
        "text": "Image Service",
        "alias": "content_type",
        "meta": "@content_type",
        "userDefined": false
      },
      {
        "text": "?",
        "userDefined": false
      }
    ],
    "isTemplate": false,
    "count": 0,
    "updated": 1516913972
  },
  {
    "id": "dba90ff9-71eb-4694-88f5-4495d2327a9f",
    "data": [
      {
        "text": "I would like to explore ",
        "userDefined": false
      },
      {
        "text": "vector tiles",
        "alias": "content_type",
        "meta": "@content_type",
        "userDefined": false
      },
      {
        "text": " published by ",
        "userDefined": false
      },
      {
        "text": "geogeeks",
        "alias": "organization",
        "meta": "@organization",
        "userDefined": true
      }
    ],
    "isTemplate": false,
    "count": 0,
    "updated": 1516913972
  }
]