[
  {
    "id": "be66fd30-cf17-4c29-a519-4a0b06bef670",
    "data": [
      {
        "text": "what can I ask you?",
        "userDefined": false
      }
    ],
    "isTemplate": false,
    "count": 0,
    "updated": 1516962376
  },
  {
    "id": "c3b9022f-4822-4ec9-9818-8844d9d2d99d",
    "data": [
      {
        "text": "what do you do?",
        "userDefined": false
      }
    ],
    "isTemplate": false,
    "count": 0,
    "updated": 1516962376
  },
  {
    "id": "edc6c4d0-5360-4ac6-841c-5327ae898cab",
    "data": [
      {
        "text": "i need help",
        "userDefined": false
      }
    ],
    "isTemplate": false,
    "count": 0,
    "updated": 1516962376
  },
  {
    "id": "ec832c1a-6da5-4327-ada4-353de37287c6",
    "data": [
      {
        "text": "what do you know about",
        "userDefined": false
      }
    ],
    "isTemplate": false,
    "count": 0,
    "updated": 1516962376
  }
]