[
  {
    "id": "ebd285a7-727e-40aa-9cc2-f26f8396d26d",
    "data": [
      {
        "text": "which are the attachments from ",
        "userDefined": false
      },
      {
        "text": "https://services.arcgis.com/nzS0F0zdNLvs7nc8/arcgis/rest/services/NPSMemories/FeatureServer/0",
        "alias": "url",
        "meta": "@sys.url",
        "userDefined": true
      },
      {
        "text": " ?",
        "userDefined": false
      }
    ],
    "isTemplate": false,
    "count": 0
  },
  {
    "id": "d56eff8b-db65-402d-bebe-3679abc4df56",
    "data": [
      {
        "text": "I would like to see the attachments from ",
        "userDefined": false
      },
      {
        "text": "https://services.arcgis.com/nzS0F0zdNLvs7nc8/arcgis/rest/services/NPSMemories/FeatureServer/0",
        "alias": "url",
        "meta": "@sys.url",
        "userDefined": true
      }
    ],
    "isTemplate": false,
    "count": 0,
    "updated": 1516964462
  }
]