[
  {
    "id": "9c0c4196-9199-484a-a93f-cb215e3eb91f",
    "data": [
      {
        "text": "fuck off",
        "userDefined": false
      }
    ],
    "isTemplate": false,
    "count": 0
  },
  {
    "id": "6f2f2740-b922-4ada-ab4b-ad047bcb3f52",
    "data": [
      {
        "text": "shit",
        "userDefined": false
      }
    ],
    "isTemplate": false,
    "count": 0
  },
  {
    "id": "1a708438-9686-4fb6-a5a3-78b86e36088f",
    "data": [
      {
        "text": "It doesn\u0027t help",
        "userDefined": false
      }
    ],
    "isTemplate": false,
    "count": 0
  },
  {
    "id": "126981fb-6e59-4145-a08a-6e33865ba10a",
    "data": [
      {
        "text": "😤",
        "userDefined": false
      }
    ],
    "isTemplate": false,
    "count": 0,
    "updated": 1516960737
  },
  {
    "id": "0a011ed5-32f0-4439-bfa2-343df6591f54",
    "data": [
      {
        "text": "😒",
        "userDefined": false
      }
    ],
    "isTemplate": false,
    "count": 0,
    "updated": 1516960737
  },
  {
    "id": "0da2e7df-872f-4ae5-a8d8-ff94cac71ff3",
    "data": [
      {
        "text": "😡",
        "userDefined": false
      }
    ],
    "isTemplate": false,
    "count": 0,
    "updated": 1516960737
  }
]