[
  {
    "id": "3cb7195c-e7c2-4d88-ba1a-3926adb9c744",
    "data": [
      {
        "text": "cool!",
        "userDefined": false
      }
    ],
    "isTemplate": false,
    "count": 0
  },
  {
    "id": "242b5902-3121-4bef-a4a0-c37beb04084f",
    "data": [
      {
        "text": "awesome!",
        "userDefined": false
      }
    ],
    "isTemplate": false,
    "count": 0
  },
  {
    "id": "fa3c4ad1-98a4-42df-aff6-e3ca29c487a2",
    "data": [
      {
        "text": "great!",
        "userDefined": false
      }
    ],
    "isTemplate": false,
    "count": 0
  },
  {
    "id": "4e3b9eca-7611-495a-a0c8-a3207bed8af1",
    "data": [
      {
        "text": "yeah!",
        "userDefined": false
      }
    ],
    "isTemplate": false,
    "count": 0,
    "updated": 1516960726
  },
  {
    "id": "43f2c935-35df-429e-aa88-f3f0fc5ec94f",
    "data": [
      {
        "text": "☺",
        "userDefined": false
      }
    ],
    "isTemplate": false,
    "count": 0,
    "updated": 1516960726
  },
  {
    "id": "7bda5eb9-b3db-48ee-870e-5ea4e90fc8ff",
    "data": [
      {
        "text": "hahaha",
        "userDefined": false
      }
    ],
    "isTemplate": false,
    "count": 0,
    "updated": 1516960726
  },
  {
    "id": "8145aff5-b982-447d-a804-3e0975ccd548",
    "data": [
      {
        "text": "☺",
        "userDefined": false
      }
    ],
    "isTemplate": false,
    "count": 0,
    "updated": 1516960726
  },
  {
    "id": "ee9423ad-e270-4df6-9771-403fe4759d83",
    "data": [
      {
        "text": "Jajaa",
        "userDefined": false
      }
    ],
    "isTemplate": false,
    "count": 0,
    "updated": 1516960726
  },
  {
    "id": "052f3a4c-8440-4164-82a6-f9273113e65e",
    "data": [
      {
        "text": "☺",
        "userDefined": false
      }
    ],
    "isTemplate": false,
    "count": 0,
    "updated": 1516960726
  },
  {
    "id": "d3abf16d-afd5-4693-9d88-7bba50b7ce90",
    "data": [
      {
        "text": ";)",
        "userDefined": false
      }
    ],
    "isTemplate": false,
    "count": 0,
    "updated": 1516960726
  },
  {
    "id": "43ae8309-0282-43cf-a9eb-28ead029936f",
    "data": [
      {
        "text": ":P",
        "userDefined": false
      }
    ],
    "isTemplate": false,
    "count": 0,
    "updated": 1516960726
  },
  {
    "id": "89d76ef0-b3a1-4b89-bfe6-93af6bce929b",
    "data": [
      {
        "text": ":D",
        "userDefined": false
      }
    ],
    "isTemplate": false,
    "count": 0,
    "updated": 1516960726
  },
  {
    "id": "885f6943-37ea-4d3c-9063-cc0cc4d75818",
    "data": [
      {
        "text": "☺",
        "userDefined": false
      }
    ],
    "isTemplate": false,
    "count": 0,
    "updated": 1516960726
  },
  {
    "id": "43d7cf90-a900-4db2-9179-0fd90f5ef1e3",
    "data": [
      {
        "text": "😋",
        "userDefined": false
      }
    ],
    "isTemplate": false,
    "count": 0,
    "updated": 1516960726
  },
  {
    "id": "d5bfb837-73e0-4a9d-803c-3cb638e02c11",
    "data": [
      {
        "text": "🙂",
        "userDefined": false
      }
    ],
    "isTemplate": false,
    "count": 0,
    "updated": 1516960726
  },
  {
    "id": "3689707f-4b2a-44af-922b-a05d5de1fb13",
    "data": [
      {
        "text": "😉",
        "userDefined": false
      }
    ],
    "isTemplate": false,
    "count": 0,
    "updated": 1516960726
  },
  {
    "id": "5fa12851-ae3f-4b12-8c22-aca912add4cf",
    "data": [
      {
        "text": "☺",
        "userDefined": false
      }
    ],
    "isTemplate": false,
    "count": 0,
    "updated": 1516960726
  }
]