[
  {
    "id": "9f15e3e9-ff4e-44e3-a94f-6ce6e13dc01b",
    "data": [
      {
        "text": "everything fine?",
        "userDefined": false
      }
    ],
    "isTemplate": false,
    "count": 0
  },
  {
    "id": "9d7f5dd1-4a62-4d50-bf14-11d42a7e11fc",
    "data": [
      {
        "text": "hello, how are you?",
        "userDefined": false
      }
    ],
    "isTemplate": false,
    "count": 0
  },
  {
    "id": "4b8f24ec-e662-4909-9ee2-8142c962b544",
    "data": [
      {
        "text": "are you ok?",
        "userDefined": false
      }
    ],
    "isTemplate": false,
    "count": 0
  },
  {
    "id": "e53b0150-fd57-4073-9341-091820baf46a",
    "data": [
      {
        "text": "how are you doing?",
        "userDefined": false
      }
    ],
    "isTemplate": false,
    "count": 0
  },
  {
    "id": "e2202948-957d-4625-b7e7-7baa83c1aacc",
    "data": [
      {
        "text": "how are you?",
        "userDefined": false
      }
    ],
    "isTemplate": false,
    "count": 0
  }
]