[
  {
    "id": "aeacb3dd-e16a-4558-bf36-77d62e35eb3c",
    "data": [
      {
        "text": "afternoon",
        "alias": "time-period",
        "meta": "@sys.time-period",
        "userDefined": false
      }
    ],
    "isTemplate": false,
    "count": 0
  },
  {
    "id": "f26be84e-b710-4047-bd06-deb5d63d1c69",
    "data": [
      {
        "text": "morning",
        "alias": "time-period",
        "meta": "@sys.time-period",
        "userDefined": false
      }
    ],
    "isTemplate": false,
    "count": 0
  },
  {
    "id": "c38f5d15-a9a8-43f4-988c-61265c572342",
    "data": [
      {
        "text": "good morning",
        "userDefined": false
      }
    ],
    "isTemplate": false,
    "count": 0
  },
  {
    "id": "e75d270b-32e6-4265-aa81-5da2f5795cb6",
    "data": [
      {
        "text": "Hello",
        "userDefined": false
      }
    ],
    "isTemplate": false,
    "count": 0,
    "updated": 1516960676
  },
  {
    "id": "004f3a12-eda7-491f-b203-5fe56686532a",
    "data": [
      {
        "text": "Hi",
        "userDefined": false
      }
    ],
    "isTemplate": false,
    "count": 0
  },
  {
    "id": "7320c8e5-8cf6-473b-bb61-482915c9f051",
    "data": [
      {
        "text": "hey",
        "userDefined": false
      }
    ],
    "isTemplate": false,
    "count": 0,
    "updated": 1516960676
  },
  {
    "id": "6d641cc4-0d19-4c8d-bec5-c1aacc583735",
    "data": [
      {
        "text": "hey",
        "userDefined": false
      }
    ],
    "isTemplate": false,
    "count": 0,
    "updated": 1516960676
  },
  {
    "id": "a4764a7e-2840-4930-bff9-cea2e9a54e53",
    "data": [
      {
        "text": "Aloha",
        "meta": "@sys.ignore",
        "userDefined": false
      }
    ],
    "isTemplate": false,
    "count": 0,
    "updated": 1516960676
  },
  {
    "id": "e1fddb01-6bd5-4777-8ecd-2bc095a05f95",
    "data": [
      {
        "text": "Hey",
        "userDefined": false
      }
    ],
    "isTemplate": false,
    "count": 0,
    "updated": 1516960676
  }
]