[
  {
    "id": "b448170b-55c7-475a-bb05-81d8ce7be284",
    "data": [
      {
        "text": "I\u0027m done",
        "userDefined": false
      }
    ],
    "isTemplate": false,
    "count": 0
  },
  {
    "id": "0206a1fc-455e-44f9-b228-d2e1a7e3ba1a",
    "data": [
      {
        "text": "good bye",
        "userDefined": false
      }
    ],
    "isTemplate": false,
    "count": 0
  },
  {
    "id": "21a63abc-b7b0-4087-ad65-264d3da50a84",
    "data": [
      {
        "text": "that\u0027s all",
        "userDefined": false
      }
    ],
    "isTemplate": false,
    "count": 0
  },
  {
    "id": "aa1d3682-3b0a-4900-bf74-7f4b16265096",
    "data": [
      {
        "text": "nothing else",
        "userDefined": false
      }
    ],
    "isTemplate": false,
    "count": 0
  },
  {
    "id": "4230ea52-6e9f-4bd4-bf83-822799c5fbce",
    "data": [
      {
        "text": "bye",
        "userDefined": false
      }
    ],
    "isTemplate": false,
    "count": 0
  },
  {
    "id": "38ae6255-0fa9-4221-a280-acafa599fa49",
    "data": [
      {
        "text": "ciao",
        "userDefined": false
      }
    ],
    "isTemplate": false,
    "count": 0,
    "updated": 1516960716
  }
]