[
  {
    "id": "bff90506-7771-4f85-b082-6304ebecd76b",
    "data": [
      {
        "text": "you rules!",
        "userDefined": false
      }
    ],
    "isTemplate": false,
    "count": 0
  },
  {
    "id": "dbac9819-061f-406c-ae91-234c0e16b87f",
    "data": [
      {
        "text": "you roolz!",
        "userDefined": false
      }
    ],
    "isTemplate": false,
    "count": 0
  },
  {
    "id": "7d95dfcd-e932-4755-9969-7d8e6df670ca",
    "data": [
      {
        "text": "thank you very much",
        "userDefined": false
      }
    ],
    "isTemplate": false,
    "count": 0
  },
  {
    "id": "dde47a0f-9fbd-4207-984a-429294213a88",
    "data": [
      {
        "text": "you are awesome!",
        "userDefined": false
      }
    ],
    "isTemplate": false,
    "count": 0
  },
  {
    "id": "973d43d6-c11a-4462-94b4-fe8c772ed291",
    "data": [
      {
        "text": "no thx",
        "userDefined": false
      }
    ],
    "isTemplate": false,
    "count": 0
  },
  {
    "id": "863150fd-945f-4e73-8252-0d4f2e50cb92",
    "data": [
      {
        "text": "no thanks",
        "userDefined": false
      }
    ],
    "isTemplate": false,
    "count": 0
  },
  {
    "id": "75606386-8bf0-4c9e-955b-34b3dded7a54",
    "data": [
      {
        "text": "thx",
        "userDefined": false
      }
    ],
    "isTemplate": false,
    "count": 0
  },
  {
    "id": "57889c1a-f438-48d5-af81-6abef8ca4922",
    "data": [
      {
        "text": "thanks",
        "userDefined": false
      }
    ],
    "isTemplate": false,
    "count": 0
  }
]