[
  {
    "id": "b7e68f3b-a634-4de0-9a62-73a85cb187fd",
    "data": [
      {
        "text": "3D Maps",
        "alias": "content_type",
        "meta": "@content_type",
        "userDefined": false
      }
    ],
    "isTemplate": false,
    "count": 0
  },
  {
    "id": "c9ae028c-fa31-4692-bab6-315f028e872e",
    "data": [
      {
        "text": "3D",
        "alias": "content_type",
        "meta": "@content_type",
        "userDefined": false
      }
    ],
    "isTemplate": false,
    "count": 0
  },
  {
    "id": "9b044f39-642a-46e3-acd1-b140ef0f61c3",
    "data": [
      {
        "text": "give me some ",
        "userDefined": false
      },
      {
        "text": "published codes",
        "alias": "content_type",
        "meta": "@content_type",
        "userDefined": false
      },
      {
        "text": " from ",
        "userDefined": false
      },
      {
        "text": "geogeeks",
        "alias": "organization",
        "meta": "@organization",
        "userDefined": false
      }
    ],
    "isTemplate": false,
    "count": 0
  },
  {
    "id": "0ee4934d-4c23-4c22-a00a-e613ec03d07d",
    "data": [
      {
        "text": "It would be nice if you can get me some ",
        "userDefined": false
      },
      {
        "text": "Excel",
        "alias": "content_type",
        "meta": "@content_type",
        "userDefined": false
      },
      {
        "text": " files from ",
        "userDefined": false
      },
      {
        "text": "Geo Geeks",
        "alias": "organization",
        "meta": "@organization",
        "userDefined": false
      }
    ],
    "isTemplate": false,
    "count": 0
  },
  {
    "id": "776399aa-e249-4679-a3c5-f799ad6d08eb",
    "data": [
      {
        "text": "do you have ",
        "userDefined": false
      },
      {
        "text": "Excel",
        "alias": "content_type",
        "meta": "@content_type",
        "userDefined": false
      },
      {
        "text": " files?",
        "userDefined": false
      }
    ],
    "isTemplate": false,
    "count": 0
  },
  {
    "id": "17294f5b-9ca4-44c7-a153-832b58c08862",
    "data": [
      {
        "text": "I would like to see some ",
        "userDefined": false
      },
      {
        "text": "Maps",
        "alias": "content_type",
        "meta": "@content_type",
        "userDefined": false
      }
    ],
    "isTemplate": false,
    "count": 0
  },
  {
    "id": "c8d359ec-0530-4944-9479-e5f40ae96640",
    "data": [
      {
        "text": "I\u0027m hungry of ",
        "userDefined": false
      },
      {
        "text": "scenes",
        "alias": "content_type",
        "meta": "@content_type",
        "userDefined": false
      },
      {
        "text": " from ",
        "userDefined": false
      },
      {
        "text": "geogeeks",
        "alias": "organization",
        "meta": "@organization",
        "userDefined": false
      }
    ],
    "isTemplate": false,
    "count": 0
  },
  {
    "id": "b01ab8a1-23da-4eed-94f4-03357a69c565",
    "data": [
      {
        "text": "I\u0027m hungry of ",
        "userDefined": false
      },
      {
        "text": "web scenes",
        "alias": "content_type",
        "meta": "@content_type",
        "userDefined": false
      }
    ],
    "isTemplate": false,
    "count": 1
  },
  {
    "id": "457fd070-09de-4c5f-935b-2f29e49a0d3b",
    "data": [
      {
        "text": "scenes",
        "alias": "content_type",
        "meta": "@content_type",
        "userDefined": false
      },
      {
        "text": " from ",
        "userDefined": false
      },
      {
        "text": "geogeeks",
        "alias": "organization",
        "meta": "@organization",
        "userDefined": true
      }
    ],
    "isTemplate": false,
    "count": 0
  },
  {
    "id": "67c88d34-feb1-492b-bd77-313d47022977",
    "data": [
      {
        "text": "give me ",
        "userDefined": false
      },
      {
        "text": "vector tiles",
        "alias": "content_type",
        "meta": "@content_type",
        "userDefined": false
      }
    ],
    "isTemplate": false,
    "count": 1
  },
  {
    "id": "1e6e4f57-5bcb-4527-ac39-4ec219b27ed5",
    "data": [
      {
        "text": "What are your ",
        "userDefined": false
      },
      {
        "text": "published codes",
        "alias": "content_type",
        "meta": "@content_type",
        "userDefined": false
      },
      {
        "text": "?",
        "userDefined": false
      }
    ],
    "isTemplate": false,
    "count": 0
  },
  {
    "id": "35bea51f-dfd8-4d82-a9b6-3a25c9788255",
    "data": [
      {
        "text": "Self configured templates",
        "alias": "content_type",
        "meta": "@content_type",
        "userDefined": false
      }
    ],
    "isTemplate": false,
    "count": 0
  },
  {
    "id": "3655c90e-fd60-4d2f-a116-16b219b5d7d6",
    "data": [
      {
        "text": "Map journal",
        "alias": "content_type1",
        "meta": "@content_type",
        "userDefined": false
      },
      {
        "text": " ",
        "userDefined": false
      },
      {
        "text": "storymaps",
        "alias": "content_type",
        "meta": "@content_type",
        "userDefined": false
      }
    ],
    "isTemplate": false,
    "count": 0
  },
  {
    "id": "015eb987-c0b0-44aa-bb5f-f22bba73c027",
    "data": [
      {
        "text": "please show me some ",
        "userDefined": false
      },
      {
        "text": "map journals",
        "alias": "content_type",
        "meta": "@content_type",
        "userDefined": false
      },
      {
        "text": " from ",
        "userDefined": false
      },
      {
        "text": "GeoGeeks",
        "alias": "organization",
        "meta": "@organization",
        "userDefined": true
      }
    ],
    "isTemplate": false,
    "count": 0
  },
  {
    "id": "471d03e9-4baf-4805-bf39-e4e20568bc3f",
    "data": [
      {
        "text": "Do you know anything about ",
        "userDefined": false
      },
      {
        "text": "Virtual Reality",
        "alias": "content_type",
        "meta": "@content_type",
        "userDefined": false
      },
      {
        "text": "?",
        "userDefined": false
      }
    ],
    "isTemplate": false,
    "count": 0
  },
  {
    "id": "edf74483-aa91-4a96-9206-babdad0f8de4",
    "data": [
      {
        "text": "I like ",
        "userDefined": false
      },
      {
        "text": "360",
        "alias": "content_type",
        "meta": "@content_type",
        "userDefined": false
      },
      {
        "text": " takes",
        "userDefined": false
      }
    ],
    "isTemplate": false,
    "count": 0
  },
  {
    "id": "0dd7726b-333c-40ca-9b2b-0bf654bf5047",
    "data": [
      {
        "text": "Web Scenes",
        "alias": "content_type",
        "meta": "@content_type",
        "userDefined": false
      },
      {
        "text": " from geo geeks",
        "userDefined": false
      }
    ],
    "isTemplate": false,
    "count": 0
  },
  {
    "id": "b41b7e36-e11b-4d4f-96d4-41adc2c92572",
    "data": [
      {
        "text": "@content_type",
        "userDefined": false
      }
    ],
    "isTemplate": false,
    "count": 0
  },
  {
    "id": "c3dfa3ba-9373-42d3-a877-91fca25d64fe",
    "data": [
      {
        "text": "ey , i want info about ",
        "userDefined": false
      },
      {
        "text": "Image Services",
        "alias": "content_type",
        "meta": "@content_type",
        "userDefined": false
      }
    ],
    "isTemplate": false,
    "count": 0
  },
  {
    "id": "f948382b-48d0-4064-9cef-78d3c050f592",
    "data": [
      {
        "text": "show me some ",
        "userDefined": false
      },
      {
        "text": "vector tiles",
        "alias": "content_type",
        "meta": "@content_type",
        "userDefined": true
      }
    ],
    "isTemplate": false,
    "count": 0
  },
  {
    "id": "e086f76d-e2e0-4239-a71a-432d8682a4da",
    "data": [
      {
        "text": "Do you know about ",
        "userDefined": false
      },
      {
        "text": "vector tiles",
        "alias": "content_type",
        "meta": "@content_type",
        "userDefined": false
      },
      {
        "text": "?",
        "userDefined": false
      }
    ],
    "isTemplate": false,
    "count": 0,
    "updated": 0
  },
  {
    "id": "498ef8b2-24d1-4d0c-8dd0-448cc1ad0c53",
    "data": [
      {
        "text": "I\u0027m looking for ",
        "userDefined": false
      },
      {
        "text": "vector tiles",
        "alias": "content_type",
        "meta": "@content_type",
        "userDefined": false
      }
    ],
    "isTemplate": false,
    "count": 0,
    "updated": 0
  },
  {
    "id": "9d7d94db-49e7-401f-ab84-8a2a2acd2e1c",
    "data": [
      {
        "text": "I\u0027m a huge fan of Excel files",
        "userDefined": false
      }
    ],
    "isTemplate": false,
    "count": 0,
    "updated": 0
  },
  {
    "id": "4dc21d7a-802b-4109-8ecc-298a4c9ee954",
    "data": [
      {
        "text": "I\u0027m a huge fan of ",
        "userDefined": false
      },
      {
        "text": "Excel",
        "alias": "content_type",
        "meta": "@content_type",
        "userDefined": true
      },
      {
        "text": " files",
        "userDefined": false
      }
    ],
    "isTemplate": false,
    "count": 0
  },
  {
    "id": "87ab8755-bc07-4ba3-9b27-9bbbce10f137",
    "data": [
      {
        "text": "PDF",
        "alias": "content_type",
        "meta": "@content_type",
        "userDefined": false
      },
      {
        "text": " files are my thing",
        "userDefined": false
      }
    ],
    "isTemplate": false,
    "count": 0
  },
  {
    "id": "a5ccb3b8-6f6d-4008-9696-d6a71bd785f8",
    "data": [
      {
        "text": "I\u0027m desperate . Please show me something about ",
        "userDefined": false
      },
      {
        "text": "Network analysis",
        "alias": "content_type",
        "meta": "@content_type",
        "userDefined": true
      }
    ],
    "isTemplate": false,
    "count": 0,
    "updated": 1516913972
  },
  {
    "id": "60d32ce4-ad44-4b69-8535-fc452c38571e",
    "data": [
      {
        "text": "Uhh, I\u0027m thinking about ",
        "userDefined": false
      },
      {
        "text": "basemaps",
        "alias": "content_type",
        "meta": "@content_type",
        "userDefined": false
      },
      {
        "text": " , could you get me some?",
        "userDefined": false
      }
    ],
    "isTemplate": false,
    "count": 0,
    "updated": 1516913972
  },
  {
    "id": "23e5dc0e-84dd-4278-9f60-fd6202c08763",
    "data": [
      {
        "text": "Could you recommend me a ",
        "userDefined": false
      },
      {
        "text": "Image Service",
        "alias": "content_type",
        "meta": "@content_type",
        "userDefined": false
      },
      {
        "text": "?",
        "userDefined": false
      }
    ],
    "isTemplate": false,
    "count": 0,
    "updated": 1516913972
  },
  {
    "id": "2961a599-a269-484a-8957-d4559bdcc5c5",
    "data": [
      {
        "text": "I would like to explore ",
        "userDefined": false
      },
      {
        "text": "vector tiles",
        "alias": "content_type",
        "meta": "@content_type",
        "userDefined": false
      },
      {
        "text": " published by ",
        "userDefined": false
      },
      {
        "text": "geogeeks",
        "alias": "organization",
        "meta": "@organization",
        "userDefined": true
      }
    ],
    "isTemplate": false,
    "count": 0,
    "updated": 1516913972
  }
]